{
  "timestamp": "2026-01-31T18:49:16.754438",
  "config": {
    "top_k": 10,
    "samples": 50,
    "seeds": 5,
    "depth": 2,
    "min_weight": 0.5,
    "boost": 0.15
  },
  "results": {
    "hybrid": {
      "hits": 46,
      "mrr_sum": 34.25,
      "recall": 0.92,
      "mrr": 0.685,
      "latency_avg": 1.8922919942997396,
      "latency_p95": 4.146499966736883
    },
    "hybrid_graph": {
      "hits": 46,
      "mrr_sum": 34.44444444444444,
      "graph_hits": 46.0,
      "recall": 0.92,
      "mrr": 0.6888888888888889,
      "latency_avg": 3.4978999984045713,
      "latency_p95": 5.962399940472096,
      "graph_hit_rate": 0.92
    }
  }
}